Variabile,Correlazione con Accuratezza
Utilizzo CPU (%),-0.018091969247625506
Utilizzo memoria (%),0.15267983578389666
Tempo inferenza (s),0.36846820986287127
Consumo energia (J),0.3621658085089723
Peso del modello (KB),-0.3487315427616321
