Modello,Utilizzo CPU (%),Utilizzo memoria (%),Tempo inferenza (s),Accuratezza,Consumo energia (J),Peso del modello (KB)
SVM,6.6800000000000015,61.2,0.3360576629638672,0.7333333333333333,10.449654436938301,4785.1669921875
Decision Tree,24.619999999999997,60.980000000000004,0.005579042434692383,0.7033333333333334,0.28695428000346357,21.6806640625
KNN,6.26,60.98,0.07541956901550292,0.6533333333333333,2.136262620022618,5775.78515625
Random Forest,6.16,60.760000000000005,0.051673269271850585,0.7033333333333334,1.3858398836939216,4150.6337890625
AdaBoost,5.88,60.94,0.07892007827758789,0.6866666666666666,2.0875584666085376,33.42578125
Bagging Classifier,6.0,60.9,0.07322931289672852,0.75,1.8687210342285094,231.21875
