Modello,Utilizzo CPU (%),Utilizzo memoria (%),Tempo inferenza (s),Accuratezza,Consumo energia (J),Peso del modello (KB)
SVM,5.4,45.980000000000004,0.315985107421875,0.7333333333333333,9.941084172223771,4785.1669921875
Decision Tree,4.26,46.099999999999994,0.0077303886413574215,0.7,0.39299502090379185,21.6806640625
KNN,4.220000000000001,46.14,0.0689612865447998,0.6533333333333333,1.8390526016061899,5775.78515625
Random Forest,4.819999999999999,46.3,0.06238746643066406,0.72,1.58124108752859,4105.1650390625
AdaBoost,4.119999999999999,46.39999999999999,0.08951282501220703,0.6866666666666666,2.2566164648828995,33.42578125
Bagging Classifier,23.52,46.339999999999996,0.07898969650268554,0.7066666666666667,1.947129789376745,230.4375